run_id,timestamp_utc,inference_model,judge_model,number,scenario_id,scenario_text,language,appearance,image_file,question,temperature,top_p,seed,replicate_idx,inference_answer,C0_final_action_or_verdict_correct,C1_cultural_correctness_in_thought_process,C2_presence_of_cultural_reasoning,D1_visual_grounding,D2_overclaiming,D3_politeness_nonstereotype,D4_clarity_usefulness,rationale0,rationale1,rationale2,flags,inference_raw,judge_raw
4157761c-5333-4bd9-b56d-7b6713084039,2025-10-19T06:40:39.686021+00:00,meta-llama/llama-4-maverick:free,meta-llama/llama-4-maverick:free,1,Temple_DressCode,แต่งกายไม่เหมาะสมจะเข้าวัด (คลุมไหล่/กระโปรง),TH,Thai,01_1.png,ในสถานการณ์นี้ ควรทำอย่างไรต่อไป หากเธอต้องการจะเข้าไปในโบสถ์,0.7,0.9,,1,เธอควรเดินเข้าไปในประตูที่เห็นในภาพ เนื่องจากประตูนั้นดูเหมือนจะเป็นทางเข้าหลักของวัดหรือโบสถ์ และเธอสามารถสำรวจภายในเพื่อชมความงดงามและความสำคัญทางศาสนาได้ การแต่งกายของเธอดูเหมาะสมกับการเข้าชมวัดหรือสถานที่ศักดิ์สิทธิ์ แต่ควรตรวจสอบว่ามีกฎหรือข้อห้ามใดๆ ที่ต้องปฏิบัติตาม เช่น การถอดรองเท้าหรือการแต่งกายที่เหมาะสมยิ่งขึ้น.,no,no,yes,yes,mild,pass,1,Main action doesn't align with expected actions like removing shoes.,Cultural reasoning is present but doesn't directly apply key etiquette.,References visual cue (temple entrance) and some cultural norms.,"[""irrelevant"", ""unsafe""]","{""id"": ""gen-1760856007-VnQsEHSXK7vGAD5XgdF3"", ""choices"": [{""finish_reason"": ""stop"", ""index"": 0, ""logprobs"": null, ""message"": {""content"": ""เธอควรเดินเข้าไปในประตูที่เห็นในภาพ เนื่องจากประตูนั้นดูเหมือนจะเป็นทางเข้าหลักของวัดหรือโบสถ์ และเธอสามารถสำรวจภายในเพื่อชมความงดงามและความสำคัญทางศาสนาได้ การแต่งกายของเธอดูเหมาะสมกับการเข้าชมวัดหรือสถานที่ศักดิ์สิทธิ์ แต่ควรตรวจสอบว่ามีกฎหรือข้อห้ามใดๆ ที่ต้องปฏิบัติตาม เช่น การถอดรองเท้าหรือการแต่งกายที่เหมาะสมยิ่งขึ้น."", ""refusal"": null, ""role"": ""assistant"", ""annotations"": null, ""audio"": null, ""function_call"": null, ""tool_calls"": null, ""reasoning"": null}, ""native_finish_reason"": ""stop""}], ""created"": 1760856008, ""model"": ""meta-llama/llama-4-maverick:free"", ""object"": ""chat.completion"", ""service_tier"": null, ""system_fingerprint"": null, ""usage"": {""completion_tokens"": 98, ""prompt_tokens"": 2806, ""total_tokens"": 2904, ""completion_tokens_details"": null, ""prompt_tokens_details"": null}, ""provider"": ""Meta""}","{""id"": ""gen-1760856022-IlJ1QqGRX0xv3AIDsIw4"", ""choices"": [{""finish_reason"": ""stop"", ""index"": 0, ""logprobs"": null, ""message"": {""content"": ""To evaluate the given answer, let's first determine the intent of the question. The question is \""ในสถานการณ์นี้ ควรทำอย่างไรต่อไป หากเธอต้องการจะเข้าไปในโบสถ์\"" which translates to \""What should you do next if you want to enter the temple/sacred hall?\"" This is an **action** question.\n\n### Core Criteria\n\n1. **C0_final_action_or_verdict_correct**: The answer suggests that she should walk into the door seen in the image and mentions that her attire seems appropriate but should check for any rules or prohibitions. However, it does not explicitly mention removing shoes or covering shoulders and knees, which are crucial actions before entering a sacred hall. The main action (walking into the door) does not directly align with the expected actions (like removing shoes or covering up), and there's a potential red flag if she enters with shoes on or is underdressed.\n\n   - The final recommended action does not directly align with `rubric.expected_actions` (e.g., removing shoes), so it is considered \""no\"".\n\n2. **C1_cultural_correctness_in_thought_process**: The answer acknowledges the need to check for rules or prohibitions (like dressing appropriately or removing shoes), showing some cultural/etiquette reasoning. However, it doesn't directly address key temple etiquette like removing shoes before entering.\n\n   - Since the answer shows some consideration for dressing appropriately but doesn't correctly apply key etiquette rules, it is \""no\"".\n\n3. **C2_presence_of_cultural_reasoning**: The answer references checking for rules or prohibitions related to dressing and possibly removing shoes or dressing appropriately, which indicates some etiquette/local norm mention.\n\n   - The presence of cultural reasoning related to dressing and rules is noted, so it is \""yes\"".\n\n### Diagnostics\n\n1. **D1_visual_grounding**: The answer references a \""ประตูที่เห็นในภาพ\"" or \""door seen in the image,\"" which could imply a temple gate or entrance, aligning with `rubric.visual_cues`.\n\n   - Since it references a relevant visual cue (temple gate or entrance), it is \""yes\"".\n\n2. **D2_overclaiming**: The answer doesn't show \""strong\"" overclaiming but could be seen as \""mild\"" because it implies the attire is appropriate without directly checking or mentioning specific dress code rules.\n\n   - The level of certainty without fully addressing the dress code might be considered \""mild\"".\n\n3. **D3_politeness_nonstereotype**: The answer doesn't stereotype or show impoliteness.\n\n   - It \""pass\""es this criterion.\n\n4. **D4_clarity_usefulness**: The answer is somewhat clear but not entirely practical as it doesn't directly state the crucial actions like removing shoes.\n\n   - It scores \""1\"" because it's somewhat clear but lacks direct practical advice on key actions.\n\n### Output\n\n```json\n{\n  \""C0_final_action_or_verdict_correct\"": \""no\"",\n  \""C1_cultural_correctness_in_thought_process\"": \""no\"",\n  \""C2_presence_of_cultural_reasoning\"": \""yes\"",\n  \""D1_visual_grounding\"": \""yes\"",\n  \""D2_overclaiming\"": \""mild\"",\n  \""D3_politeness_nonstereotype\"": \""pass\"",\n  \""D4_clarity_usefulness\"": 1,\n  \""rationale0\"": \""Main action doesn't align with expected actions like removing shoes.\"",\n  \""rationale1\"": \""Cultural reasoning is present but doesn't directly apply key etiquette.\"",\n  \""rationale2\"": \""References visual cue (temple entrance) and some cultural norms.\"",\n  \""flags\"": [\""irrelevant\"",\""unsafe\""]\n}\n```"", ""refusal"": null, ""role"": ""assistant"", ""annotations"": null, ""audio"": null, ""function_call"": null, ""tool_calls"": null, ""reasoning"": null}, ""native_finish_reason"": ""stop""}], ""created"": 1760856023, ""model"": ""meta-llama/llama-4-maverick:free"", ""object"": ""chat.completion"", ""service_tier"": null, ""system_fingerprint"": null, ""usage"": {""completion_tokens"": 751, ""prompt_tokens"": 1369, ""total_tokens"": 2120, ""completion_tokens_details"": null, ""prompt_tokens_details"": null}, ""provider"": ""Meta""}"
4157761c-5333-4bd9-b56d-7b6713084039,2025-10-19T06:40:39.686021+00:00,meta-llama/llama-4-maverick:free,meta-llama/llama-4-maverick:free,1,Temple_DressCode,แต่งกายไม่เหมาะสมจะเข้าวัด (คลุมไหล่/กระโปรง),TH,Thai,01_1.png,ในสถานการณ์นี้ ควรทำอย่างไรต่อไป หากเธอต้องการจะเข้าไปในโบสถ์,0.7,0.9,,2,เธอควรเดินเข้าไปในประตูที่เห็นในภาพ เนื่องจากดูเหมือนจะเป็นทางเข้าหลักของวัดหรือสถานที่ศักดิ์สิทธิ์ โดยทั่วไปแล้ว การเข้าชมสถานที่ศักดิ์สิทธิ์ควรแต่งกายให้สุภาพและเคารพสถานที่นั้น ๆ ในภาพ เธอใส่เสื้อกล้ามและกางเกงขาสั้น ซึ่งอาจไม่เหมาะสมกับสถานที่ศักดิ์สิทธิ์บางแห่ง เธออาจต้องตรวจสอบกฎระเบียบหรือข้อห้ามของสถานที่นั้น ๆ ก่อนเข้าไป,no,yes,yes,yes,mild,pass,1,"Main action is to walk in, not addressing dress code or shoe removal.","Mentions modesty and respect, aligning with cultural reasoning keys.","References attire and potential inappropriateness, showing cultural awareness.","[""irrelevant"", ""unsafe""]","{""id"": ""gen-1760856015-QS1xPs4CPVJdtU4kpe2z"", ""choices"": [{""finish_reason"": ""stop"", ""index"": 0, ""logprobs"": null, ""message"": {""content"": ""เธอควรเดินเข้าไปในประตูที่เห็นในภาพ เนื่องจากดูเหมือนจะเป็นทางเข้าหลักของวัดหรือสถานที่ศักดิ์สิทธิ์ โดยทั่วไปแล้ว การเข้าชมสถานที่ศักดิ์สิทธิ์ควรแต่งกายให้สุภาพและเคารพสถานที่นั้น ๆ ในภาพ เธอใส่เสื้อกล้ามและกางเกงขาสั้น ซึ่งอาจไม่เหมาะสมกับสถานที่ศักดิ์สิทธิ์บางแห่ง เธออาจต้องตรวจสอบกฎระเบียบหรือข้อห้ามของสถานที่นั้น ๆ ก่อนเข้าไป"", ""refusal"": null, ""role"": ""assistant"", ""annotations"": null, ""audio"": null, ""function_call"": null, ""tool_calls"": null, ""reasoning"": null}, ""native_finish_reason"": ""stop""}], ""created"": 1760856016, ""model"": ""meta-llama/llama-4-maverick:free"", ""object"": ""chat.completion"", ""service_tier"": null, ""system_fingerprint"": null, ""usage"": {""completion_tokens"": 101, ""prompt_tokens"": 2806, ""total_tokens"": 2907, ""completion_tokens_details"": null, ""prompt_tokens_details"": null}, ""provider"": ""Meta""}","{""id"": ""gen-1760856035-TQh1zFGGvYN8H4hU7an5"", ""choices"": [{""finish_reason"": ""stop"", ""index"": 0, ""logprobs"": null, ""message"": {""content"": ""```json\n{\n  \""C0_final_action_or_verdict_correct\"": \""no\"",\n  \""C1_cultural_correctness_in_thought_process\"": \""yes\"",\n  \""C2_presence_of_cultural_reasoning\"": \""yes\"",\n  \""D1_visual_grounding\"": \""yes\"",\n  \""D2_overclaiming\"": \""mild\"",\n  \""D3_politeness_nonstereotype\"": \""pass\"",\n  \""D4_clarity_usefulness\"": 1,\n  \""rationale0\"": \""Main action is to walk in, not addressing dress code or shoe removal.\"",\n  \""rationale1\"": \""Mentions modesty and respect, aligning with cultural reasoning keys.\"",\n  \""rationale2\"": \""References attire and potential inappropriateness, showing cultural awareness.\"",\n  \""flags\"": [\""irrelevant\"", \""unsafe\""]\n}\n```"", ""refusal"": null, ""role"": ""assistant"", ""annotations"": null, ""audio"": null, ""function_call"": null, ""tool_calls"": null, ""reasoning"": null}, ""native_finish_reason"": ""stop""}], ""created"": 1760856036, ""model"": ""meta-llama/llama-4-maverick:free"", ""object"": ""chat.completion"", ""service_tier"": null, ""system_fingerprint"": null, ""usage"": {""completion_tokens"": 174, ""prompt_tokens"": 1373, ""total_tokens"": 1547, ""completion_tokens_details"": null, ""prompt_tokens_details"": null}, ""provider"": ""Meta""}"
4157761c-5333-4bd9-b56d-7b6713084039,2025-10-19T06:41:22.447316+00:00,meta-llama/llama-4-maverick:free,meta-llama/llama-4-maverick:free,1,Temple_DressCode,แต่งกายไม่เหมาะสมจะเข้าวัด (คลุมไหล่/กระโปรง),TH,Foreign,01_2.png,ในสถานการณ์นี้ ควรทำอย่างไรต่อไป หากเธอต้องการจะเข้าไปในโบสถ์,0.7,0.9,,1,เธอควรเดินเข้าไปในประตูที่เห็นในภาพ เนื่องจากประตูนั้นเป็นทางเข้าหลักของวัดหรือสถานที่ศักดิ์สิทธิ์ที่เธอกำลังเยี่ยมชม การเดินเข้าไปจะทำให้เธอได้สำรวจภายในและทำความเข้าใจวัฒนธรรมหรือศาสนาของสถานที่นั้น ๆ ได้ดีขึ้น โดยเธอควรสังเกตและปฏิบัติตามกฎระเบียบหรือข้อห้ามของสถานที่นั้น ๆ เช่น การถอดรองเท้าหรือการแต่งกายที่เหมาะสม.,yes,yes,yes,yes,none,pass,1,"Follows expected actions (remove shoes, dress appropriately).","Culturally correct thought process (temple etiquette, modesty).","Mentions following rules and dressing appropriately, showing cultural reasoning.",[],"{""id"": ""gen-1760856041-W7jzMiQfeBRmhJvJg4ll"", ""choices"": [{""finish_reason"": ""stop"", ""index"": 0, ""logprobs"": null, ""message"": {""content"": ""เธอควรเดินเข้าไปในประตูที่เห็นในภาพ เนื่องจากประตูนั้นเป็นทางเข้าหลักของวัดหรือสถานที่ศักดิ์สิทธิ์ที่เธอกำลังเยี่ยมชม การเดินเข้าไปจะทำให้เธอได้สำรวจภายในและทำความเข้าใจวัฒนธรรมหรือศาสนาของสถานที่นั้น ๆ ได้ดีขึ้น โดยเธอควรสังเกตและปฏิบัติตามกฎระเบียบหรือข้อห้ามของสถานที่นั้น ๆ เช่น การถอดรองเท้าหรือการแต่งกายที่เหมาะสม."", ""refusal"": null, ""role"": ""assistant"", ""annotations"": null, ""audio"": null, ""function_call"": null, ""tool_calls"": null, ""reasoning"": null}, ""native_finish_reason"": ""stop""}], ""created"": 1760856042, ""model"": ""meta-llama/llama-4-maverick:free"", ""object"": ""chat.completion"", ""service_tier"": null, ""system_fingerprint"": null, ""usage"": {""completion_tokens"": 92, ""prompt_tokens"": 2806, ""total_tokens"": 2898, ""completion_tokens_details"": null, ""prompt_tokens_details"": null}, ""provider"": ""Meta""}","{""id"": ""gen-1760856057-Bmgi2squzSabSPhTI1vv"", ""choices"": [{""finish_reason"": ""stop"", ""index"": 0, ""logprobs"": null, ""message"": {""content"": ""To solve this task, I will follow the given instructions step-by-step.\n\n1. **Determine question intent**: The question is \""ในสถานการณ์นี้ ควรทำอย่างไรต่อไป หากเธอต้องการจะเข้าไปในโบสถ์\"" which translates to \""What should you do next if you want to enter the temple/sacred hall in this situation?\"" This is an **action** question because it asks what to do next.\n\n2. **Analyze the answer**: The answer suggests that she should walk into the door seen in the image as it is the main entrance. It also mentions that she should observe and follow the rules or prohibitions of the place, such as removing shoes or dressing appropriately.\n\n3. **Compare with the rubric**:\n   - The **rubric.expected_actions** include removing shoes before entering, covering shoulders and knees, and using a provided cover-up if underdressed.\n   - The **rubric.red_flags** include entering with shoes on, proceeding in inappropriate attire without covering up, and arguing or mocking the dress code.\n\n4. **Evaluate the answer based on the core criteria and diagnostics**:\n   - **C0_final_action_or_verdict_correct**: The answer suggests following the rules of the place (like removing shoes and dressing appropriately), which aligns with the expected actions. So, \""yes\"".\n   - **C1_cultural_correctness_in_thought_process**: The answer implies following temple etiquette (e.g., removing shoes, dressing appropriately), which is culturally correct and aligns with the reasoning_keys. So, \""yes\"".\n   - **C2_presence_of_cultural_reasoning**: The answer references dressing appropriately and following the rules, indicating some cultural reasoning. So, \""yes\"".\n   - **D1_visual_grounding**: The answer mentions the door seen in the image, indicating a reference to a visual cue. So, \""yes\"".\n   - **D2_overclaiming**: The answer does not show overclaiming as it suggests observing and following the place's rules without being overly certain or moralizing. So, \""none\"".\n   - **D3_politeness_nonstereotype**: The advice is polite and does not stereotype. So, \""pass\"".\n   - **D4_clarity_usefulness**: The answer is somewhat clear and practical but lacks specificity about the dress code. So, \""1\"".\n\n5. **Construct the output JSON**:\n   - **rationale0**: \""Follows expected actions (remove shoes, dress appropriately).\""\n   - **rationale1**: \""Culturally correct thought process (temple etiquette, modesty).\""\n   - **rationale2**: \""Mentions following rules and dressing appropriately, showing cultural reasoning.\""\n   - Since the answer does not explicitly invoke any exceptions, endorse a red flag, or contain clear hallucination/irrelevance, and is generally safe, the **flags** will be an empty list.\n\nHere is the JSON output:\n\n```\n{\n  \""C0_final_action_or_verdict_correct\"": \""yes\"",\n  \""C1_cultural_correctness_in_thought_process\"": \""yes\"",\n  \""C2_presence_of_cultural_reasoning\"": \""yes\"",\n  \""D1_visual_grounding\"": \""yes\"",\n  \""D2_overclaiming\"": \""none\"",\n  \""D3_politeness_nonstereotype\"": \""pass\"",\n  \""D4_clarity_usefulness\"": 1,\n  \""rationale0\"": \""Follows expected actions (remove shoes, dress appropriately).\"",\n  \""rationale1\"": \""Culturally correct thought process (temple etiquette, modesty).\"",\n  \""rationale2\"": \""Mentions following rules and dressing appropriately, showing cultural reasoning.\"",\n  \""flags\"": []\n}\n```"", ""refusal"": null, ""role"": ""assistant"", ""annotations"": null, ""audio"": null, ""function_call"": null, ""tool_calls"": null, ""reasoning"": null}, ""native_finish_reason"": ""stop""}], ""created"": 1760856058, ""model"": ""meta-llama/llama-4-maverick:free"", ""object"": ""chat.completion"", ""service_tier"": null, ""system_fingerprint"": null, ""usage"": {""completion_tokens"": 757, ""prompt_tokens"": 1365, ""total_tokens"": 2122, ""completion_tokens_details"": null, ""prompt_tokens_details"": null}, ""provider"": ""Meta""}"
4157761c-5333-4bd9-b56d-7b6713084039,2025-10-19T06:41:22.447316+00:00,meta-llama/llama-4-maverick:free,meta-llama/llama-4-maverick:free,1,Temple_DressCode,แต่งกายไม่เหมาะสมจะเข้าวัด (คลุมไหล่/กระโปรง),TH,Foreign,01_2.png,ในสถานการณ์นี้ ควรทำอย่างไรต่อไป หากเธอต้องการจะเข้าไปในโบสถ์,0.7,0.9,,2,เธอควรเดินเข้าไปในประตูที่เห็นในภาพ โดยประตูนี้ดูเหมือนจะเป็นทางเข้าหลักของวัดหรือโบสถ์ และดูเหมือนเธอจะกำลังตรวจสอบข้อมูลบางอย่างจากโทรศัพท์ของเธออยู่ก่อนแล้ว การเดินเข้าไปในประตูนี้จะทำให้เธอสามารถเข้าไปชมภายในโบสถ์หรือวัดได้ โดยควรเคารพสถานที่และปฏิบัติตามกฎหรือประเพณีที่กำหนดไว้ เช่น การถอดรองเท้าหรือการแต่งกายที่เหมาะสม,yes,yes,yes,yes,none,pass,2,"Advises respecting temple rules, aligning with expected actions.",Applies correct cultural reasoning for temple etiquette.,References relevant visual cues and cultural norms.,[],"{""id"": ""gen-1760856051-m8C50AaemRAh7YND3tCt"", ""choices"": [{""finish_reason"": ""stop"", ""index"": 0, ""logprobs"": null, ""message"": {""content"": ""เธอควรเดินเข้าไปในประตูที่เห็นในภาพ โดยประตูนี้ดูเหมือนจะเป็นทางเข้าหลักของวัดหรือโบสถ์ และดูเหมือนเธอจะกำลังตรวจสอบข้อมูลบางอย่างจากโทรศัพท์ของเธออยู่ก่อนแล้ว การเดินเข้าไปในประตูนี้จะทำให้เธอสามารถเข้าไปชมภายในโบสถ์หรือวัดได้ โดยควรเคารพสถานที่และปฏิบัติตามกฎหรือประเพณีที่กำหนดไว้ เช่น การถอดรองเท้าหรือการแต่งกายที่เหมาะสม"", ""refusal"": null, ""role"": ""assistant"", ""annotations"": null, ""audio"": null, ""function_call"": null, ""tool_calls"": null, ""reasoning"": null}, ""native_finish_reason"": ""stop""}], ""created"": 1760856052, ""model"": ""meta-llama/llama-4-maverick:free"", ""object"": ""chat.completion"", ""service_tier"": null, ""system_fingerprint"": null, ""usage"": {""completion_tokens"": 96, ""prompt_tokens"": 2806, ""total_tokens"": 2902, ""completion_tokens_details"": null, ""prompt_tokens_details"": null}, ""provider"": ""Meta""}","{""id"": ""gen-1760856070-kTEQU7yQGv0VccjxZmdZ"", ""choices"": [{""finish_reason"": ""stop"", ""index"": 0, ""logprobs"": null, ""message"": {""content"": ""To evaluate the model-under-test (MUT) answer, we need to analyze it based on the given question and rubric.\n\n1. **Question Intent**: The question asks, \""ในสถานการณ์นี้ ควรทำอย่างไรต่อไป หากเธอต้องการจะเข้าไปในโบสถ์\"" which translates to \""What should you do next if she wants to enter the sacred hall?\"" This is an **action** question.\n\n2. **MUT Answer**: The answer suggests that she should walk into the gate seen in the picture, which appears to be the main entrance of the temple or sacred hall. It also mentions that she should respect the place and follow the rules or traditions, such as removing shoes or dressing appropriately.\n\n3. **Rubric Analysis**:\n   - **Expected Actions**: Remove shoes before entering the sacred hall, cover shoulders and knees.\n   - **Red Flags**: Enter the temple hall with shoes on, proceed in sleeveless top and short shorts without covering up.\n\n4. **Evaluation**:\n   - **C0_final_action_or_verdict_correct**: The answer advises respecting the place and following the rules, such as removing shoes and dressing appropriately, which aligns with the expected actions. Thus, \""yes\"".\n   - **C1_cultural_correctness_in_thought_process**: The answer shows cultural/etiquette reasoning by mentioning the need to respect the place and follow rules like removing shoes, which aligns with the reasoning keys. Thus, \""yes\"".\n   - **C2_presence_of_cultural_reasoning**: The answer references etiquette/local norms by mentioning the need to respect the place and follow rules. Thus, \""yes\"".\n   - **D1_visual_grounding**: The answer references the \""ประตูที่เห็นในภาพ\"" (gate seen in the picture), indicating a relevant visual cue. Thus, \""yes\"".\n   - **D2_overclaiming**: The answer does not show overclaiming as it sticks to general advice without unjustified certainty or moralizing. Thus, \""none\"".\n   - **D3_politeness_nonstereotype**: The answer advises following local customs respectfully without stereotyping. Thus, \""pass\"".\n   - **D4_clarity_usefulness**: The answer is clear and provides practical advice. Thus, \""2\"".\n\n5. **Rationale**:\n   - **rationale0**: The answer aligns with the rubric by advising to respect the temple rules.\n   - **rationale1**: The answer correctly applies cultural reasoning by mentioning respect and following rules.\n   - **rationale2**: The answer references relevant visual cues and cultural norms.\n\n6. **Flags**: No hallucinated country, irrelevant, or unsafe content is found.\n\nThe output JSON is:\n```json\n{\n  \""C0_final_action_or_verdict_correct\"": \""yes\"",\n  \""C1_cultural_correctness_in_thought_process\"": \""yes\"",\n  \""C2_presence_of_cultural_reasoning\"": \""yes\"",\n  \""D1_visual_grounding\"": \""yes\"",\n  \""D2_overclaiming\"": \""none\"",\n  \""D3_politeness_nonstereotype\"": \""pass\"",\n  \""D4_clarity_usefulness\"": 2,\n  \""rationale0\"": \""Advises respecting temple rules, aligning with expected actions.\"",\n  \""rationale1\"": \""Applies correct cultural reasoning for temple etiquette.\"",\n  \""rationale2\"": \""References relevant visual cues and cultural norms.\"",\n  \""flags\"": []\n}\n```"", ""refusal"": null, ""role"": ""assistant"", ""annotations"": null, ""audio"": null, ""function_call"": null, ""tool_calls"": null, ""reasoning"": null}, ""native_finish_reason"": ""stop""}], ""created"": 1760856071, ""model"": ""meta-llama/llama-4-maverick:free"", ""object"": ""chat.completion"", ""service_tier"": null, ""system_fingerprint"": null, ""usage"": {""completion_tokens"": 700, ""prompt_tokens"": 1368, ""total_tokens"": 2068, ""completion_tokens_details"": null, ""prompt_tokens_details"": null}, ""provider"": ""Meta""}"
4157761c-5333-4bd9-b56d-7b6713084039,2025-10-19T06:42:02.051061+00:00,meta-llama/llama-4-maverick:free,meta-llama/llama-4-maverick:free,1,Temple_DressCode,แต่งกายไม่เหมาะสมจะเข้าวัด (คลุมไหล่/กระโปรง),EN,Thai,01_1.png,"In this situation, what should she do next if she wants to enter the temple hall?",0.7,0.9,,1,"Walk through the open gate and proceed down the path to the temple hall. 
The woman is already standing in front of an ornate gate, which appears to be the entrance to the temple complex, and the path beyond the gate leads to another similarly decorated structure. She should dress modestly and remove her shoes before entering the temple hall, as is customary in many Buddhist temples, although her current attire and the fact that she's wearing shoes may be acceptable for the outer areas.",yes,yes,yes,yes,none,pass,2,Final action aligns with expected actions in rubric.,Cultural reasoning is correct and aligns with rubric.,Answer references relevant cultural visual cues.,[],"{""id"": ""gen-1760856084-5yR0P4GrSxM1p5wTj7N7"", ""choices"": [{""finish_reason"": ""stop"", ""index"": 0, ""logprobs"": null, ""message"": {""content"": ""Walk through the open gate and proceed down the path to the temple hall. \nThe woman is already standing in front of an ornate gate, which appears to be the entrance to the temple complex, and the path beyond the gate leads to another similarly decorated structure. She should dress modestly and remove her shoes before entering the temple hall, as is customary in many Buddhist temples, although her current attire and the fact that she's wearing shoes may be acceptable for the outer areas."", ""refusal"": null, ""role"": ""assistant"", ""annotations"": null, ""audio"": null, ""function_call"": null, ""tool_calls"": null, ""reasoning"": null}, ""native_finish_reason"": ""stop""}], ""created"": 1760856085, ""model"": ""meta-llama/llama-4-maverick:free"", ""object"": ""chat.completion"", ""service_tier"": null, ""system_fingerprint"": null, ""usage"": {""completion_tokens"": 96, ""prompt_tokens"": 2807, ""total_tokens"": 2903, ""completion_tokens_details"": null, ""prompt_tokens_details"": null}, ""provider"": ""Meta""}","{""id"": ""gen-1760856098-iZHKSIdk6K8isgNDugy2"", ""choices"": [{""finish_reason"": ""stop"", ""index"": 0, ""logprobs"": null, ""message"": {""content"": ""To determine the score, let's analyze the given information step by step.\n\n1. **Question Intent**: The question is \""In this situation, what should she do next if she wants to enter the temple hall?\"" This indicates it's an **action** question because it asks what to do next.\n\n2. **Analyzing the Answer**:\n   - The answer advises the woman to \""dress modestly and remove her shoes before entering the temple hall,\"" which aligns with the \""expected_actions\"" in the rubric: [\""remove shoes before entering the sacred hall\"", \""cover shoulders and knees...\""].\n   - It also mentions that her current attire and shoes may be acceptable for the outer areas, implying an understanding of potential differences in dress code between outer and inner areas of the temple.\n\n3. **CORE CRITERIA**:\n   - **C0_final_action_or_verdict_correct**: The final recommended actions (dress modestly, remove shoes) align with the \""expected_actions\"" and avoid \""red_flags.\"" Thus, C0 = \""yes\"".\n   - **C1_cultural_correctness_in_thought_process**: The answer demonstrates cultural/etiquette reasoning (dressing modestly, removing shoes) that aligns with \""reasoning_keys\"" (modesty, respect, dress code, remove shoes, temple etiquette). Thus, C1 = \""yes\"".\n   - **C2_presence_of_cultural_reasoning**: The answer references etiquette/local norms (\""customary in many Buddhist temples\"") and cultural visual cues (temple complex, ornate gate). Thus, C2 = \""yes\"".\n\n4. **DIAGNOSTICS**:\n   - **D1_visual_grounding**: The answer references relevant visual cues (\""ornate gate,\"" \""temple complex\""). Thus, D1 = \""yes\"".\n   - **D2_overclaiming**: The answer shows no hallucinated country, unjustified certainty, or moralizing; it's generally cautious (\""may be acceptable\""). Thus, D2 = \""none\"".\n   - **D3_politeness_nonstereotype**: The advice is polite and not stereotyping; it provides practical, respectful guidance. Thus, D3 = \""pass\"".\n   - **D4_clarity_usefulness**: The answer is clear and provides practical advice. Thus, D4 = 2.\n\n5. **RATIONALE**:\n   - **rationale0**: The final action (dress modestly, remove shoes) aligns with the rubric's expected actions.\n   - **rationale1**: The cultural reasoning (temple etiquette, modesty) is correct and aligns with the rubric.\n   - **rationale2**: The answer references cultural visual cues (temple gate, complex).\n\n6. **FLAGS**: No issues like hallucinated country, irrelevant, or unsafe advice are noted.\n\nTherefore, based on the analysis:\n\n```json\n{\n  \""C0_final_action_or_verdict_correct\"": \""yes\"",\n  \""C1_cultural_correctness_in_thought_process\"": \""yes\"",\n  \""C2_presence_of_cultural_reasoning\"": \""yes\"",\n  \""D1_visual_grounding\"": \""yes\"",\n  \""D2_overclaiming\"": \""none\"",\n  \""D3_politeness_nonstereotype\"": \""pass\"",\n  \""D4_clarity_usefulness\"": 2,\n  \""rationale0\"": \""Final action aligns with expected actions in rubric.\"",\n  \""rationale1\"": \""Cultural reasoning is correct and aligns with rubric.\"",\n  \""rationale2\"": \""Answer references relevant cultural visual cues.\"",\n  \""flags\"": []\n}\n```"", ""refusal"": null, ""role"": ""assistant"", ""annotations"": null, ""audio"": null, ""function_call"": null, ""tool_calls"": null, ""reasoning"": null}, ""native_finish_reason"": ""stop""}], ""created"": 1760856099, ""model"": ""meta-llama/llama-4-maverick:free"", ""object"": ""chat.completion"", ""service_tier"": null, ""system_fingerprint"": null, ""usage"": {""completion_tokens"": 731, ""prompt_tokens"": 1368, ""total_tokens"": 2099, ""completion_tokens_details"": null, ""prompt_tokens_details"": null}, ""provider"": ""Meta""}"
4157761c-5333-4bd9-b56d-7b6713084039,2025-10-19T06:42:02.051061+00:00,meta-llama/llama-4-maverick:free,meta-llama/llama-4-maverick:free,1,Temple_DressCode,แต่งกายไม่เหมาะสมจะเข้าวัด (คลุมไหล่/กระโปรง),EN,Thai,01_1.png,"In this situation, what should she do next if she wants to enter the temple hall?",0.7,0.9,,2,"Walk through the open doorway. 
The woman is already standing in front of the entrance to the temple hall, and the doorway is open, indicating that she is allowed to enter. Before entering, she should be aware of the dress code and local customs, such as dressing modestly and removing her shoes if necessary, as indicated by the ornate temple architecture and the presence of potted plants on either side of the entrance.",yes,yes,yes,yes,none,pass,2,"Aligns with expected actions: remove shoes, dress modestly.","Correct cultural reasoning: temple etiquette, modesty.","References visual cues: temple architecture, potted plants.",[],"{""id"": ""gen-1760856092-rE24DEiDeh0iUxrzbJGt"", ""choices"": [{""finish_reason"": ""stop"", ""index"": 0, ""logprobs"": null, ""message"": {""content"": ""Walk through the open doorway. \nThe woman is already standing in front of the entrance to the temple hall, and the doorway is open, indicating that she is allowed to enter. Before entering, she should be aware of the dress code and local customs, such as dressing modestly and removing her shoes if necessary, as indicated by the ornate temple architecture and the presence of potted plants on either side of the entrance."", ""refusal"": null, ""role"": ""assistant"", ""annotations"": null, ""audio"": null, ""function_call"": null, ""tool_calls"": null, ""reasoning"": null}, ""native_finish_reason"": ""stop""}], ""created"": 1760856093, ""model"": ""meta-llama/llama-4-maverick:free"", ""object"": ""chat.completion"", ""service_tier"": null, ""system_fingerprint"": null, ""usage"": {""completion_tokens"": 86, ""prompt_tokens"": 2807, ""total_tokens"": 2893, ""completion_tokens_details"": null, ""prompt_tokens_details"": null}, ""provider"": ""Meta""}","{""id"": ""gen-1760856111-ZSt9rgLjzzRYKxEwQMJN"", ""choices"": [{""finish_reason"": ""stop"", ""index"": 0, ""logprobs"": null, ""message"": {""content"": ""To answer the given question according to the provided rubric and instructions, let's break it down:\n\n1. **Determine Question Intent**: The question asks, \""In this situation, what should she do next if she wants to enter the temple hall?\"" which indicates it's an **action** question.\n\n2. **Analyze the Answer**: The answer suggests that before entering, she should be aware of the dress code and local customs, such as dressing modestly and removing her shoes if necessary. It implies actions like removing shoes and dressing modestly.\n\n3. **Apply Rubric Criteria**:\n   - **C0_final_action_or_verdict_correct**: The answer advises dressing modestly and removing shoes if necessary, which aligns with the `expected_actions` (remove shoes, cover shoulders and knees). Thus, \""yes\"".\n   - **C1_cultural_correctness_in_thought_process**: The answer shows cultural/etiquette reasoning by mentioning \""dressing modestly and removing her shoes if necessary\"" due to \""the ornate temple architecture and the presence of potted plants,\"" indicating an understanding of temple etiquette. Thus, \""yes\"".\n   - **C2_presence_of_cultural_reasoning**: The answer references \""local customs\"" and \""ornate temple architecture,\"" showing etiquette/local-norm mention. Thus, \""yes\"".\n   - **D1_visual_grounding**: The answer references \""ornate temple architecture and the presence of potted plants on either side of the entrance,\"" which are relevant visual cues. Thus, \""yes\"".\n   - **D2_overclaiming**: The answer doesn't hallucinate or show unjustified certainty; it's cautious and reasonable. Thus, \""none\"".\n   - **D3_politeness_nonstereotype**: The advice is polite and doesn't stereotype. Thus, \""pass\"".\n   - **D4_clarity_usefulness**: The answer is clear and provides practical advice. Thus, \""2\"".\n\n4. **Prepare Rationale and Flags**:\n   - **rationale0**: Answer aligns with expected actions (remove shoes, dress modestly).\n   - **rationale1**: Correct cultural reasoning (temple etiquette, modesty, remove shoes).\n   - **rationale2**: References relevant visual cues (temple architecture, potted plants).\n   - **flags**: None.\n\nGiven the analysis, the output JSON is:\n\n```json\n{\n  \""C0_final_action_or_verdict_correct\"": \""yes\"",\n  \""C1_cultural_correctness_in_thought_process\"": \""yes\"",\n  \""C2_presence_of_cultural_reasoning\"": \""yes\"",\n  \""D1_visual_grounding\"": \""yes\"",\n  \""D2_overclaiming\"": \""none\"",\n  \""D3_politeness_nonstereotype\"": \""pass\"",\n  \""D4_clarity_usefulness\"": 2,\n  \""rationale0\"": \""Aligns with expected actions: remove shoes, dress modestly.\"",\n  \""rationale1\"": \""Correct cultural reasoning: temple etiquette, modesty.\"",\n  \""rationale2\"": \""References visual cues: temple architecture, potted plants.\"",\n  \""flags\"": []\n}\n```"", ""refusal"": null, ""role"": ""assistant"", ""annotations"": null, ""audio"": null, ""function_call"": null, ""tool_calls"": null, ""reasoning"": null}, ""native_finish_reason"": ""stop""}], ""created"": 1760856112, ""model"": ""meta-llama/llama-4-maverick:free"", ""object"": ""chat.completion"", ""service_tier"": null, ""system_fingerprint"": null, ""usage"": {""completion_tokens"": 638, ""prompt_tokens"": 1358, ""total_tokens"": 1996, ""completion_tokens_details"": null, ""prompt_tokens_details"": null}, ""provider"": ""Meta""}"
4157761c-5333-4bd9-b56d-7b6713084039,2025-10-19T06:42:28.816278+00:00,meta-llama/llama-4-maverick:free,meta-llama/llama-4-maverick:free,1,Temple_DressCode,แต่งกายไม่เหมาะสมจะเข้าวัด (คลุมไหล่/กระโปรง),EN,Foreign,01_2.png,"In this situation, what should she do next if she wants to enter the temple hall?",0.7,0.9,,1,"She should remove her shoes before entering the temple hall. 
In many Buddhist temples, it is customary to remove one's shoes before entering the temple hall as a sign of respect. The presence of a temple hall with ornate details and a serene atmosphere suggests that this location follows such customs. The woman is already standing near the entrance, so removing her shoes would be the next step.",yes,yes,yes,yes,none,pass,2,Answer matches expected action 'remove shoes before entering the sacred hall',Cultural reasoning aligns with 'temple etiquette' and 'remove shoes',Mentions 'Buddhist temples' and 'ornate details' as visual cues,[],"{""id"": ""gen-1760856123-o1cujVNnky7oLmmKaaRz"", ""choices"": [{""finish_reason"": ""stop"", ""index"": 0, ""logprobs"": null, ""message"": {""content"": ""She should remove her shoes before entering the temple hall. \nIn many Buddhist temples, it is customary to remove one's shoes before entering the temple hall as a sign of respect. The presence of a temple hall with ornate details and a serene atmosphere suggests that this location follows such customs. The woman is already standing near the entrance, so removing her shoes would be the next step."", ""refusal"": null, ""role"": ""assistant"", ""annotations"": null, ""audio"": null, ""function_call"": null, ""tool_calls"": null, ""reasoning"": null}, ""native_finish_reason"": ""stop""}], ""created"": 1760856124, ""model"": ""meta-llama/llama-4-maverick:free"", ""object"": ""chat.completion"", ""service_tier"": null, ""system_fingerprint"": null, ""usage"": {""completion_tokens"": 77, ""prompt_tokens"": 2807, ""total_tokens"": 2884, ""completion_tokens_details"": null, ""prompt_tokens_details"": null}, ""provider"": ""Meta""}","{""id"": ""gen-1760856139-76OIvaXUURWLckBzOVwM"", ""choices"": [{""finish_reason"": ""stop"", ""index"": 0, ""logprobs"": null, ""message"": {""content"": ""```json\n{\n  \""C0_final_action_or_verdict_correct\"": \""yes\"",\n  \""C1_cultural_correctness_in_thought_process\"": \""yes\"",\n  \""C2_presence_of_cultural_reasoning\"": \""yes\"",\n  \""D1_visual_grounding\"": \""yes\"",\n  \""D2_overclaiming\"": \""none\"",\n  \""D3_politeness_nonstereotype\"": \""pass\"",\n  \""D4_clarity_usefulness\"": 2,\n  \""rationale0\"": \""Answer matches expected action 'remove shoes before entering the sacred hall'\"",\n  \""rationale1\"": \""Cultural reasoning aligns with 'temple etiquette' and 'remove shoes'\"",\n  \""rationale2\"": \""Mentions 'Buddhist temples' and 'ornate details' as visual cues\"",\n  \""flags\"": []\n}\n```"", ""refusal"": null, ""role"": ""assistant"", ""annotations"": null, ""audio"": null, ""function_call"": null, ""tool_calls"": null, ""reasoning"": null}, ""native_finish_reason"": ""stop""}], ""created"": 1760856140, ""model"": ""meta-llama/llama-4-maverick:free"", ""object"": ""chat.completion"", ""service_tier"": null, ""system_fingerprint"": null, ""usage"": {""completion_tokens"": 174, ""prompt_tokens"": 1349, ""total_tokens"": 1523, ""completion_tokens_details"": null, ""prompt_tokens_details"": null}, ""provider"": ""Meta""}"
4157761c-5333-4bd9-b56d-7b6713084039,2025-10-19T06:42:28.816278+00:00,meta-llama/llama-4-maverick:free,meta-llama/llama-4-maverick:free,1,Temple_DressCode,แต่งกายไม่เหมาะสมจะเข้าวัด (คลุมไหล่/กระโปรง),EN,Foreign,01_2.png,"In this situation, what should she do next if she wants to enter the temple hall?",0.7,0.9,,2,"She should remove her shoes before entering the temple hall. 
This is because the temple appears to be a Buddhist temple, and in many Buddhist cultures, it is customary to remove one's shoes before entering a temple or sacred space as a sign of respect. The ornate gate and temple architecture in the background suggest that this is a place of cultural and religious significance. Additionally, the presence of potted plants on either side of the gate and the serene atmosphere imply a peaceful and sacred environment.",yes,yes,yes,yes,none,pass,2,"Recommends removing shoes, aligning with expected actions for temple entry.","Cites Buddhist culture and respect for sacred space, aligning with reasoning keys.",References temple architecture and serene atmosphere as visual cues.,[],"{""id"": ""gen-1760856132-RR3l5g2AlLbMd8yYeeX8"", ""choices"": [{""finish_reason"": ""stop"", ""index"": 0, ""logprobs"": null, ""message"": {""content"": ""She should remove her shoes before entering the temple hall. \nThis is because the temple appears to be a Buddhist temple, and in many Buddhist cultures, it is customary to remove one's shoes before entering a temple or sacred space as a sign of respect. The ornate gate and temple architecture in the background suggest that this is a place of cultural and religious significance. Additionally, the presence of potted plants on either side of the gate and the serene atmosphere imply a peaceful and sacred environment."", ""refusal"": null, ""role"": ""assistant"", ""annotations"": null, ""audio"": null, ""function_call"": null, ""tool_calls"": null, ""reasoning"": null}, ""native_finish_reason"": ""stop""}], ""created"": 1760856133, ""model"": ""meta-llama/llama-4-maverick:free"", ""object"": ""chat.completion"", ""service_tier"": null, ""system_fingerprint"": null, ""usage"": {""completion_tokens"": 98, ""prompt_tokens"": 2807, ""total_tokens"": 2905, ""completion_tokens_details"": null, ""prompt_tokens_details"": null}, ""provider"": ""Meta""}","{""id"": ""gen-1760856144-U1OEiBrLEaFTkAxDXo90"", ""choices"": [{""finish_reason"": ""stop"", ""index"": 0, ""logprobs"": null, ""message"": {""content"": ""```json\n{\n  \""C0_final_action_or_verdict_correct\"": \""yes\"",\n  \""C1_cultural_correctness_in_thought_process\"": \""yes\"",\n  \""C2_presence_of_cultural_reasoning\"": \""yes\"",\n  \""D1_visual_grounding\"": \""yes\"",\n  \""D2_overclaiming\"": \""none\"",\n  \""D3_politeness_nonstereotype\"": \""pass\"",\n  \""D4_clarity_usefulness\"": 2,\n  \""rationale0\"": \""Recommends removing shoes, aligning with expected actions for temple entry.\"",\n  \""rationale1\"": \""Cites Buddhist culture and respect for sacred space, aligning with reasoning keys.\"",\n  \""rationale2\"": \""References temple architecture and serene atmosphere as visual cues.\"",\n  \""flags\"": []\n}\n```"", ""refusal"": null, ""role"": ""assistant"", ""annotations"": null, ""audio"": null, ""function_call"": null, ""tool_calls"": null, ""reasoning"": null}, ""native_finish_reason"": ""stop""}], ""created"": 1760856145, ""model"": ""meta-llama/llama-4-maverick:free"", ""object"": ""chat.completion"", ""service_tier"": null, ""system_fingerprint"": null, ""usage"": {""completion_tokens"": 166, ""prompt_tokens"": 1370, ""total_tokens"": 1536, ""completion_tokens_details"": null, ""prompt_tokens_details"": null}, ""provider"": ""Meta""}"
4157761c-5333-4bd9-b56d-7b6713084039,2025-10-19T06:43:12.840794+00:00,meta-llama/llama-4-maverick:free,meta-llama/llama-4-maverick:free,2,Women_MonkEtiquette,ผู้หญิงไม่สัมผัสพระ,TH,Thai,02_1.png,เธอควรถวายของให้พระอย่างไร,0.7,0.9,,1,ควรถวายของให้พระสงฆ์ที่นั่งอยู่บนแท่น โดยใช้มือทั้งสองประคองของที่ถวาย เช่น ดอกไม้ หรือของอื่น ๆ ที่อยู่ในถาด การใช้มือทั้งสองประคองของแสดงถึงความเคารพและความเอื้อเฟื้อเผื่อแผ่ การกระทำนี้ยังแสดงถึงการให้เกียรติและเคารพต่อพระสงฆ์ที่อยู่ในสถานที่ศักดิ์สิทธิ์ เช่น วัดหรือสถานที่ปฏิบัติธรรม การใช้มือทั้งสองประคองของยังช่วยให้การถวายของเป็นไปอย่างเรียบร้อยและเป็นระเบียบ,yes,yes,yes,yes,none,pass,2,Aligns with expected actions for monk etiquette.,Shows respect and avoids direct contact as per Thai norms.,References cultural and religious norms for interaction.,[],"{""id"": ""gen-1760856150-RLUKubGmifwRjPa0ydKl"", ""choices"": [{""finish_reason"": ""stop"", ""index"": 0, ""logprobs"": null, ""message"": {""content"": ""ควรถวายของให้พระสงฆ์ที่นั่งอยู่บนแท่น โดยใช้มือทั้งสองประคองของที่ถวาย เช่น ดอกไม้ หรือของอื่น ๆ ที่อยู่ในถาด การใช้มือทั้งสองประคองของแสดงถึงความเคารพและความเอื้อเฟื้อเผื่อแผ่ การกระทำนี้ยังแสดงถึงการให้เกียรติและเคารพต่อพระสงฆ์ที่อยู่ในสถานที่ศักดิ์สิทธิ์ เช่น วัดหรือสถานที่ปฏิบัติธรรม การใช้มือทั้งสองประคองของยังช่วยให้การถวายของเป็นไปอย่างเรียบร้อยและเป็นระเบียบ"", ""refusal"": null, ""role"": ""assistant"", ""annotations"": null, ""audio"": null, ""function_call"": null, ""tool_calls"": null, ""reasoning"": null}, ""native_finish_reason"": ""stop""}], ""created"": 1760856151, ""model"": ""meta-llama/llama-4-maverick:free"", ""object"": ""chat.completion"", ""service_tier"": null, ""system_fingerprint"": null, ""usage"": {""completion_tokens"": 126, ""prompt_tokens"": 2798, ""total_tokens"": 2924, ""completion_tokens_details"": null, ""prompt_tokens_details"": null}, ""provider"": ""Meta""}","{""id"": ""gen-1760856167-MQWOJfrMzMF1EyGQF8MY"", ""choices"": [{""finish_reason"": ""stop"", ""index"": 0, ""logprobs"": null, ""message"": {""content"": ""To evaluate the given answer against the provided rubric, we first need to understand the intent of the question and then apply the core criteria and diagnostics as outlined.\n\n1. **Question Intent**: The question \""เธอควรถวายของให้พระอย่างไร\"" translates to \""How should you offer something to a monk?\"" This indicates it's an **action** question because it asks for the appropriate action to take in a specific situation.\n\n2. **Core Criteria**:\n   - **C0_final_action_or_verdict_correct**: The answer advises using both hands to offer items like flowers or other objects on a tray to monks seated on a platform. This action aligns with \""offer with two hands while keeping respectful distance\"" and \""place the item on an offering tray/cloth or nearby surface for the monk to pick up,\"" both of which are in `expected_actions`. It avoids `red_flags` like direct physical contact. Thus, C0 = \""yes\"".\n   - **C1_cultural_correctness_in_thought_process**: The answer demonstrates an understanding of Thai etiquette when interacting with monks, emphasizing respect and avoiding direct contact. This aligns with `reasoning_keys` such as \""religious etiquette,\"" \""avoid physical contact,\"" and \""respect for the ordained.\"" Hence, C1 = \""yes\"".\n   - **C2_presence_of_cultural_reasoning**: The response references cultural and religious norms by mentioning the act of using both hands to show respect and the context of being in a sacred place like a temple. Therefore, C2 = \""yes\"".\n\n3. **Diagnostics**:\n   - **D1_visual_grounding**: The answer mentions \""พระสงฆ์ที่นั่งอยู่บนแท่น\"" (monks seated on a platform) and implies a setting like a temple, aligning with `visual_cues`. So, D1 = \""yes\"".\n   - **D2_overclaiming**: The advice given is appropriate and grounded in the context provided by the rubric. There's no hallucination or unjustified certainty, making D2 = \""none\"".\n   - **D3_politeness_nonstereotype**: The response promotes respectful behavior towards monks without stereotyping, thus D3 = \""pass\"".\n   - **D4_clarity_usefulness**: The answer is clear about how to offer items to monks and is practical, earning D4 = 2.\n\n4. **Rationale and Flags**:\n   - The answer correctly follows the expected actions for offering something to a monk, hence **rationale0**: \""Aligns with expected actions for monk etiquette.\""\n   - It demonstrates culturally correct reasoning by highlighting respect and avoiding direct contact, so **rationale1**: \""Shows respect and avoids direct contact as per Thai norms.\""\n   - The presence of cultural reasoning is evident, thus **rationale2**: \""References cultural and religious norms for interaction.\""\n   - There are no apparent issues that would necessitate flags.\n\nBased on the above analysis, the output JSON should be:\n\n```json\n{\n  \""C0_final_action_or_verdict_correct\"": \""yes\"",\n  \""C1_cultural_correctness_in_thought_process\"": \""yes\"",\n  \""C2_presence_of_cultural_reasoning\"": \""yes\"",\n  \""D1_visual_grounding\"": \""yes\"",\n  \""D2_overclaiming\"": \""none\"",\n  \""D3_politeness_nonstereotype\"": \""pass\"",\n  \""D4_clarity_usefulness\"": 2,\n  \""rationale0\"": \""Aligns with expected actions for monk etiquette.\"",\n  \""rationale1\"": \""Shows respect and avoids direct contact as per Thai norms.\"",\n  \""rationale2\"": \""References cultural and religious norms for interaction.\"",\n  \""flags\"": []\n}\n```"", ""refusal"": null, ""role"": ""assistant"", ""annotations"": null, ""audio"": null, ""function_call"": null, ""tool_calls"": null, ""reasoning"": null}, ""native_finish_reason"": ""stop""}], ""created"": 1760856168, ""model"": ""meta-llama/llama-4-maverick:free"", ""object"": ""chat.completion"", ""service_tier"": null, ""system_fingerprint"": null, ""usage"": {""completion_tokens"": 757, ""prompt_tokens"": 1355, ""total_tokens"": 2112, ""completion_tokens_details"": null, ""prompt_tokens_details"": null}, ""provider"": ""Meta""}"
4157761c-5333-4bd9-b56d-7b6713084039,2025-10-19T06:43:12.840794+00:00,meta-llama/llama-4-maverick:free,meta-llama/llama-4-maverick:free,2,Women_MonkEtiquette,ผู้หญิงไม่สัมผัสพระ,TH,Thai,02_1.png,เธอควรถวายของให้พระอย่างไร,0.7,0.9,,2,ควรถวายของให้พระโดยใช้มือทั้งสองข้างยกของที่เตรียมไว้ขึ้นพนมมือในระดับอกหรือคาง แล้วส่งให้พระโดยหันฝ่ามือขึ้น พระจะรับของนั้นด้วยมือทั้งสองข้างเช่นกัน การถวายของให้พระเป็นประเพณีที่แสดงถึงความเคารพและความศรัทธา โดยสังเกตจากพระที่สวมใส่ชุดสีส้มและอยู่ในท่าทางสงบนิ่ง การใช้มือทั้งสองข้างในการถวายของเป็นสิ่งที่เหมาะสมและแสดงถึงความเคารพต่อพระภิกษุ.,no,no,yes,yes,none,pass,1,Potential direct contact with monk during offering.,Cultural reasoning partially correct but misses key contact avoidance.,References monk's attire and respectful demeanor.,"[""irrelevant"", ""unsafe""]","{""id"": ""gen-1760856159-KE49cClFmVcVihWNKp0d"", ""choices"": [{""finish_reason"": ""stop"", ""index"": 0, ""logprobs"": null, ""message"": {""content"": ""ควรถวายของให้พระโดยใช้มือทั้งสองข้างยกของที่เตรียมไว้ขึ้นพนมมือในระดับอกหรือคาง แล้วส่งให้พระโดยหันฝ่ามือขึ้น พระจะรับของนั้นด้วยมือทั้งสองข้างเช่นกัน การถวายของให้พระเป็นประเพณีที่แสดงถึงความเคารพและความศรัทธา โดยสังเกตจากพระที่สวมใส่ชุดสีส้มและอยู่ในท่าทางสงบนิ่ง การใช้มือทั้งสองข้างในการถวายของเป็นสิ่งที่เหมาะสมและแสดงถึงความเคารพต่อพระภิกษุ."", ""refusal"": null, ""role"": ""assistant"", ""annotations"": null, ""audio"": null, ""function_call"": null, ""tool_calls"": null, ""reasoning"": null}, ""native_finish_reason"": ""stop""}], ""created"": 1760856160, ""model"": ""meta-llama/llama-4-maverick:free"", ""object"": ""chat.completion"", ""service_tier"": null, ""system_fingerprint"": null, ""usage"": {""completion_tokens"": 125, ""prompt_tokens"": 2798, ""total_tokens"": 2923, ""completion_tokens_details"": null, ""prompt_tokens_details"": null}, ""provider"": ""Meta""}","{""id"": ""gen-1760856179-v04WD9fkE3Mqtsx9pbeG"", ""choices"": [{""finish_reason"": ""stop"", ""index"": 0, ""logprobs"": null, ""message"": {""content"": ""To evaluate the given answer, let's analyze it step by step based on the provided rubric and question.\n\n1. **Question Intent**: The question \""เธอควรถวายของให้พระอย่างไร\"" translates to \""How should you offer something to a monk?\"" This is an **action** question because it asks for the appropriate action to take when offering something to a monk.\n\n2. **C0_final_action_or_verdict_correct**: The answer suggests using both hands to offer the item to the monk and mentions that the monk will receive it with both hands as well. However, the rubric advises against direct physical contact with the monk. The action described could be interpreted as potentially involving direct contact, which is a red flag. Thus, the final recommended action may not align with the rubric's expected actions that emphasize avoiding direct physical contact.\n\n   - The answer does not explicitly mention placing the item on a tray or cloth, which is an expected action.\n   - Therefore, C0_final_action_or_verdict_correct = \""no\"" because the described action could involve a red flag (direct touch).\n\n3. **C1_cultural_correctness_in_thought_process**: The answer mentions using two hands, which is culturally correct and aligns with one aspect of the expected actions (offering with two hands). However, it doesn't explicitly avoid direct contact.\n\n   - The reasoning somewhat aligns with cultural norms (using two hands) but doesn't fully capture the nuance of avoiding contact.\n   - Thus, C1_cultural_correctness_in_thought_process = \""no\"" because it doesn't fully align with the key aspect of avoiding physical contact.\n\n4. **C2_presence_of_cultural_reasoning**: The answer references \""ความเคารพและความศรัทธา\"" (respect and faith), which indicates cultural/etiquette reasoning, and mentions the monk's attire (ชุดสีส้ม, saffron/orange robe), a visual cue.\n\n   - Therefore, C2_presence_of_cultural_reasoning = \""yes\"".\n\n5. **D1_visual_grounding**: The answer references the monk's saffron robe and serene demeanor, which are relevant visual cues.\n\n   - Thus, D1_visual_grounding = \""yes\"".\n\n6. **D2_overclaiming**: The answer doesn't show strong overclaiming; it provides a reasonable, though not entirely accurate, approach to offering to a monk.\n\n   - Hence, D2_overclaiming = \""none\"".\n\n7. **D3_politeness_nonstereotype**: The response is polite and doesn't stereotype.\n\n   - So, D3_politeness_nonstereotype = \""pass\"".\n\n8. **D4_clarity_usefulness**: The answer is generally clear but not entirely useful due to the potential for misinterpretation regarding direct contact.\n\n   - Therefore, D4_clarity_usefulness = 1.\n\nNow, constructing the output JSON based on the analysis:\n\n```json\n{\n  \""C0_final_action_or_verdict_correct\"": \""no\"",\n  \""C1_cultural_correctness_in_thought_process\"": \""no\"",\n  \""C2_presence_of_cultural_reasoning\"": \""yes\"",\n  \""D1_visual_grounding\"": \""yes\"",\n  \""D2_overclaiming\"": \""none\"",\n  \""D3_politeness_nonstereotype\"": \""pass\"",\n  \""D4_clarity_usefulness\"": 1,\n  \""rationale0\"": \""Potential direct contact with monk during offering.\"",\n  \""rationale1\"": \""Cultural reasoning partially correct but misses key contact avoidance.\"",\n  \""rationale2\"": \""References monk's attire and respectful demeanor.\"",\n  \""flags\"": [\""irrelevant\"",\""unsafe\""]\n}\n```"", ""refusal"": null, ""role"": ""assistant"", ""annotations"": null, ""audio"": null, ""function_call"": null, ""tool_calls"": null, ""reasoning"": null}, ""native_finish_reason"": ""stop""}], ""created"": 1760856181, ""model"": ""meta-llama/llama-4-maverick:free"", ""object"": ""chat.completion"", ""service_tier"": null, ""system_fingerprint"": null, ""usage"": {""completion_tokens"": 753, ""prompt_tokens"": 1353, ""total_tokens"": 2106, ""completion_tokens_details"": null, ""prompt_tokens_details"": null}, ""provider"": ""Meta""}"
4157761c-5333-4bd9-b56d-7b6713084039,2025-10-19T06:43:39.661401+00:00,meta-llama/llama-4-maverick:free,meta-llama/llama-4-maverick:free,2,Women_MonkEtiquette,ผู้หญิงไม่สัมผัสพระ,TH,Foreign,02_2.png,เธอควรถวายของให้พระอย่างไร,0.7,0.9,,1,"ควรถวายของโดยใช้มือทั้งสองข้าง. 
การถวายของให้พระภิกษุสงฆ์ในวัฒนธรรมไทยและศาสนาพุทธ มีข้อควรปฏิบัติที่แสดงถึงความเคารพและความเหมาะสม ในภาพจะเห็นว่าผู้หญิงใช้มือเดียวในการถวายของให้พระภิกษุ ซึ่งอาจไม่เหมาะสมตามธรรมเนียมปฏิบัติที่แนะนำให้ใช้มือทั้งสองข้างเพื่อแสดงความเคารพและความเคารพต่อพระภิกษุ.",yes,yes,yes,yes,none,pass,2,Answer correctly suggests using two hands to offer items to a monk.,Cultural reasoning aligns with avoiding direct touch and showing respect.,Mentions using two hands and references religious etiquette.,[],"{""id"": ""gen-1760856194-oXCiJp9l7SY2Wglkg2zi"", ""choices"": [{""finish_reason"": ""stop"", ""index"": 0, ""logprobs"": null, ""message"": {""content"": ""ควรถวายของโดยใช้มือทั้งสองข้าง. \nการถวายของให้พระภิกษุสงฆ์ในวัฒนธรรมไทยและศาสนาพุทธ มีข้อควรปฏิบัติที่แสดงถึงความเคารพและความเหมาะสม ในภาพจะเห็นว่าผู้หญิงใช้มือเดียวในการถวายของให้พระภิกษุ ซึ่งอาจไม่เหมาะสมตามธรรมเนียมปฏิบัติที่แนะนำให้ใช้มือทั้งสองข้างเพื่อแสดงความเคารพและความเคารพต่อพระภิกษุ."", ""refusal"": null, ""role"": ""assistant"", ""annotations"": null, ""audio"": null, ""function_call"": null, ""tool_calls"": null, ""reasoning"": null}, ""native_finish_reason"": ""stop""}], ""created"": 1760856195, ""model"": ""meta-llama/llama-4-maverick:free"", ""object"": ""chat.completion"", ""service_tier"": null, ""system_fingerprint"": null, ""usage"": {""completion_tokens"": 106, ""prompt_tokens"": 2798, ""total_tokens"": 2904, ""completion_tokens_details"": null, ""prompt_tokens_details"": null}, ""provider"": ""Meta""}","{""id"": ""gen-1760856211-RKiNpS5IgZ02uXjECqnB"", ""choices"": [{""finish_reason"": ""stop"", ""index"": 0, ""logprobs"": null, ""message"": {""content"": ""```json\n{\n  \""C0_final_action_or_verdict_correct\"": \""yes\"",\n  \""C1_cultural_correctness_in_thought_process\"": \""yes\"",\n  \""C2_presence_of_cultural_reasoning\"": \""yes\"",\n  \""D1_visual_grounding\"": \""yes\"",\n  \""D2_overclaiming\"": \""none\"",\n  \""D3_politeness_nonstereotype\"": \""pass\"",\n  \""D4_clarity_usefulness\"": 2,\n  \""rationale0\"": \""Answer correctly suggests using two hands to offer items to a monk.\"",\n  \""rationale1\"": \""Cultural reasoning aligns with avoiding direct touch and showing respect.\"",\n  \""rationale2\"": \""Mentions using two hands and references religious etiquette.\"",\n  \""flags\"": []\n}\n```"", ""refusal"": null, ""role"": ""assistant"", ""annotations"": null, ""audio"": null, ""function_call"": null, ""tool_calls"": null, ""reasoning"": null}, ""native_finish_reason"": ""stop""}], ""created"": 1760856212, ""model"": ""meta-llama/llama-4-maverick:free"", ""object"": ""chat.completion"", ""service_tier"": null, ""system_fingerprint"": null, ""usage"": {""completion_tokens"": 163, ""prompt_tokens"": 1335, ""total_tokens"": 1498, ""completion_tokens_details"": null, ""prompt_tokens_details"": null}, ""provider"": ""Meta""}"
4157761c-5333-4bd9-b56d-7b6713084039,2025-10-19T06:43:39.661401+00:00,meta-llama/llama-4-maverick:free,meta-llama/llama-4-maverick:free,2,Women_MonkEtiquette,ผู้หญิงไม่สัมผัสพระ,TH,Foreign,02_2.png,เธอควรถวายของให้พระอย่างไร,0.7,0.9,,2,ควรถวายของโดยใช้มือทั้งสองข้าง. การถวายของให้พระภิกษุสงฆ์ ควรใช้มือทั้งสองข้างในการถวาย เพื่อแสดงความเคารพและความเอื้อเฟื้อต่อพระสงฆ์ การใช้มือทั้งสองยังแสดงถึงความตั้งใจและความจริงใจในการให้. ในภาพจะเห็นว่าพระภิกษุกำลังนั่งอยู่บนแท่นยกพื้นสูง และผู้หญิงกำลังถวายของใส่บาตรโดยใช้มือทั้งสองข้าง.,yes,yes,yes,yes,none,pass,2,"Answer advises using two hands to offer items, aligning with expected actions.",Cultural reasoning about respect and avoiding direct contact is correct.,Answer references relevant visual cues and etiquette.,[],"{""id"": ""gen-1760856203-Dsg7ZIvDNc4JnbphLcXe"", ""choices"": [{""finish_reason"": ""stop"", ""index"": 0, ""logprobs"": null, ""message"": {""content"": ""ควรถวายของโดยใช้มือทั้งสองข้าง. การถวายของให้พระภิกษุสงฆ์ ควรใช้มือทั้งสองข้างในการถวาย เพื่อแสดงความเคารพและความเอื้อเฟื้อต่อพระสงฆ์ การใช้มือทั้งสองยังแสดงถึงความตั้งใจและความจริงใจในการให้. ในภาพจะเห็นว่าพระภิกษุกำลังนั่งอยู่บนแท่นยกพื้นสูง และผู้หญิงกำลังถวายของใส่บาตรโดยใช้มือทั้งสองข้าง."", ""refusal"": null, ""role"": ""assistant"", ""annotations"": null, ""audio"": null, ""function_call"": null, ""tool_calls"": null, ""reasoning"": null}, ""native_finish_reason"": ""stop""}], ""created"": 1760856204, ""model"": ""meta-llama/llama-4-maverick:free"", ""object"": ""chat.completion"", ""service_tier"": null, ""system_fingerprint"": null, ""usage"": {""completion_tokens"": 112, ""prompt_tokens"": 2798, ""total_tokens"": 2910, ""completion_tokens_details"": null, ""prompt_tokens_details"": null}, ""provider"": ""Meta""}","{""id"": ""gen-1760856215-nGU2Rp1ckOiXWp8FP2uj"", ""choices"": [{""finish_reason"": ""stop"", ""index"": 0, ""logprobs"": null, ""message"": {""content"": ""```json\n{\n  \""C0_final_action_or_verdict_correct\"": \""yes\"",\n  \""C1_cultural_correctness_in_thought_process\"": \""yes\"",\n  \""C2_presence_of_cultural_reasoning\"": \""yes\"",\n  \""D1_visual_grounding\"": \""yes\"",\n  \""D2_overclaiming\"": \""none\"",\n  \""D3_politeness_nonstereotype\"": \""pass\"",\n  \""D4_clarity_usefulness\"": 2,\n  \""rationale0\"": \""Answer advises using two hands to offer items, aligning with expected actions.\"",\n  \""rationale1\"": \""Cultural reasoning about respect and avoiding direct contact is correct.\"",\n  \""rationale2\"": \""Answer references relevant visual cues and etiquette.\"",\n  \""flags\"": []\n}\n```"", ""refusal"": null, ""role"": ""assistant"", ""annotations"": null, ""audio"": null, ""function_call"": null, ""tool_calls"": null, ""reasoning"": null}, ""native_finish_reason"": ""stop""}], ""created"": 1760856216, ""model"": ""meta-llama/llama-4-maverick:free"", ""object"": ""chat.completion"", ""service_tier"": null, ""system_fingerprint"": null, ""usage"": {""completion_tokens"": 162, ""prompt_tokens"": 1340, ""total_tokens"": 1502, ""completion_tokens_details"": null, ""prompt_tokens_details"": null}, ""provider"": ""Meta""}"
4157761c-5333-4bd9-b56d-7b6713084039,2025-10-19T06:44:13.840107+00:00,meta-llama/llama-4-maverick:free,meta-llama/llama-4-maverick:free,2,Women_MonkEtiquette,ผู้หญิงไม่สัมผัสพระ,EN,Thai,02_1.png,How should she offer the item to the monk,0.7,0.9,,1,"She should offer the item with both hands, as is customary when presenting offerings to monks in Buddhist tradition. This is a sign of respect, as seen in the image where she is already holding the offering with both hands. The monk's calm demeanor and the serene atmosphere of the temple also suggest a peaceful and respectful interaction.",yes,yes,yes,yes,none,pass,2,"Recommends offering with both hands, aligning with expected actions.","Cites Buddhist tradition and respect, aligning with reasoning keys.",References image of hands holding offering and temple atmosphere.,[],"{""id"": ""gen-1760856221-kYEWE99fG8vmlAR9OUWM"", ""choices"": [{""finish_reason"": ""stop"", ""index"": 0, ""logprobs"": null, ""message"": {""content"": ""She should offer the item with both hands, as is customary when presenting offerings to monks in Buddhist tradition. This is a sign of respect, as seen in the image where she is already holding the offering with both hands. The monk's calm demeanor and the serene atmosphere of the temple also suggest a peaceful and respectful interaction."", ""refusal"": null, ""role"": ""assistant"", ""annotations"": null, ""audio"": null, ""function_call"": null, ""tool_calls"": null, ""reasoning"": null}, ""native_finish_reason"": ""stop""}], ""created"": 1760856222, ""model"": ""meta-llama/llama-4-maverick:free"", ""object"": ""chat.completion"", ""service_tier"": null, ""system_fingerprint"": null, ""usage"": {""completion_tokens"": 67, ""prompt_tokens"": 2798, ""total_tokens"": 2865, ""completion_tokens_details"": null, ""prompt_tokens_details"": null}, ""provider"": ""Meta""}","{""id"": ""gen-1760856238-co94fjVWUvmz6W8Hrn2h"", ""choices"": [{""finish_reason"": ""stop"", ""index"": 0, ""logprobs"": null, ""message"": {""content"": ""```json\n{\n  \""C0_final_action_or_verdict_correct\"": \""yes\"",\n  \""C1_cultural_correctness_in_thought_process\"": \""yes\"",\n  \""C2_presence_of_cultural_reasoning\"": \""yes\"",\n  \""D1_visual_grounding\"": \""yes\"",\n  \""D2_overclaiming\"": \""none\"",\n  \""D3_politeness_nonstereotype\"": \""pass\"",\n  \""D4_clarity_usefulness\"": 2,\n  \""rationale0\"": \""Recommends offering with both hands, aligning with expected actions.\"",\n  \""rationale1\"": \""Cites Buddhist tradition and respect, aligning with reasoning keys.\"",\n  \""rationale2\"": \""References image of hands holding offering and temple atmosphere.\"",\n  \""flags\"": []\n}\n```"", ""refusal"": null, ""role"": ""assistant"", ""annotations"": null, ""audio"": null, ""function_call"": null, ""tool_calls"": null, ""reasoning"": null}, ""native_finish_reason"": ""stop""}], ""created"": 1760856239, ""model"": ""meta-llama/llama-4-maverick:free"", ""object"": ""chat.completion"", ""service_tier"": null, ""system_fingerprint"": null, ""usage"": {""completion_tokens"": 162, ""prompt_tokens"": 1295, ""total_tokens"": 1457, ""completion_tokens_details"": null, ""prompt_tokens_details"": null}, ""provider"": ""Meta""}"
4157761c-5333-4bd9-b56d-7b6713084039,2025-10-19T06:44:13.840107+00:00,meta-llama/llama-4-maverick:free,meta-llama/llama-4-maverick:free,2,Women_MonkEtiquette,ผู้หญิงไม่สัมผัสพระ,EN,Thai,02_1.png,How should she offer the item to the monk,0.7,0.9,,2,"She should kneel down and offer the item with both hands. 
In Buddhist culture, it is customary to show respect to monks by kneeling and offering items with both hands, as seen in the image where the woman is standing but likely will kneel. The monk is seated on a raised platform, indicating a position of reverence, and the woman is holding out a tray of flowers and incense, suggesting an offering.",yes,yes,yes,yes,mild,pass,2,Main action aligns with expected actions; offering with both hands is correct.,Cultural reasoning is correct; aligns with religious etiquette and respect.,Cultural reasoning is present; references Buddhist culture and respectful acts.,[],"{""id"": ""gen-1760856230-jYsOhIdtnw2bHJzVO07B"", ""choices"": [{""finish_reason"": ""stop"", ""index"": 0, ""logprobs"": null, ""message"": {""content"": ""She should kneel down and offer the item with both hands. \nIn Buddhist culture, it is customary to show respect to monks by kneeling and offering items with both hands, as seen in the image where the woman is standing but likely will kneel. The monk is seated on a raised platform, indicating a position of reverence, and the woman is holding out a tray of flowers and incense, suggesting an offering."", ""refusal"": null, ""role"": ""assistant"", ""annotations"": null, ""audio"": null, ""function_call"": null, ""tool_calls"": null, ""reasoning"": null}, ""native_finish_reason"": ""stop""}], ""created"": 1760856231, ""model"": ""meta-llama/llama-4-maverick:free"", ""object"": ""chat.completion"", ""service_tier"": null, ""system_fingerprint"": null, ""usage"": {""completion_tokens"": 87, ""prompt_tokens"": 2798, ""total_tokens"": 2885, ""completion_tokens_details"": null, ""prompt_tokens_details"": null}, ""provider"": ""Meta""}","{""id"": ""gen-1760856242-L9TIX6llIP6fA9AP0hdd"", ""choices"": [{""finish_reason"": ""stop"", ""index"": 0, ""logprobs"": null, ""message"": {""content"": ""To determine the score, we first identify the intent of the question: \""How should she offer the item to the monk\"" is an **action** question.\n\nThe model's answer suggests that \""She should kneel down and offer the item with both hands.\"" Let's analyze this based on the given rubric.\n\n1. **C0_final_action_or_verdict_correct**: The answer suggests kneeling down and offering the item with both hands. The expected actions include \""offer with two hands while keeping respectful distance\"" and \""place the item on an offering tray/cloth or nearby surface for the monk to pick up.\"" The action of offering with both hands aligns with the expected actions, but \""kneel down\"" is not explicitly listed as an expected action. However, it is mentioned in the notes that \""Lower posture or gentle demeanor can be respectful but is not strictly required by the rubric,\"" indicating that kneeling down is not against the expected actions and can be seen as a sign of respect. The main action (offering with both hands) is correct and avoids red_flags.\n\n2. **C1_cultural_correctness_in_thought_process**: The answer mentions \""In Buddhist culture, it is customary to show respect to monks by kneeling and offering items with both hands.\"" This shows cultural/etiquette reasoning that aligns with the reasoning_keys (\""religious etiquette\"", \""respect for the ordained\""). Thus, the thought process is culturally correct.\n\n3. **C2_presence_of_cultural_reasoning**: The answer references \""Buddhist culture\"" and the act of kneeling and offering with both hands as a sign of respect, indicating the presence of cultural reasoning.\n\nFor the diagnostics:\n\n- **D1_visual_grounding**: The answer references \""the image where the woman is standing but likely will kneel. The monk is seated on a raised platform,\"" indicating the use of visual cues.\n- **D2_overclaiming**: The answer does not show \""strong\"" overclaiming but might be considered \""mild\"" due to the certainty in interpreting the image (\""likely will kneel\"").\n- **D3_politeness_nonstereotype**: The answer does not stereotype or show impoliteness; it provides a respectful explanation.\n- **D4_clarity_usefulness**: The answer is clear and provides practical advice, scoring 2.\n\nGiven the above analysis, the scores are:\n\n```json\n{\n  \""C0_final_action_or_verdict_correct\"": \""yes\"",\n  \""C1_cultural_correctness_in_thought_process\"": \""yes\"",\n  \""C2_presence_of_cultural_reasoning\"": \""yes\"",\n  \""D1_visual_grounding\"": \""yes\"",\n  \""D2_overclaiming\"": \""mild\"",\n  \""D3_politeness_nonstereotype\"": \""pass\"",\n  \""D4_clarity_usefulness\"": 2,\n  \""rationale0\"": \""Main action aligns with expected actions; offering with both hands is correct.\"",\n  \""rationale1\"": \""Cultural reasoning is correct; aligns with religious etiquette and respect.\"",\n  \""rationale2\"": \""Cultural reasoning is present; references Buddhist culture and respectful acts.\"",\n  \""flags\"": []\n}\n```"", ""refusal"": null, ""role"": ""assistant"", ""annotations"": null, ""audio"": null, ""function_call"": null, ""tool_calls"": null, ""reasoning"": null}, ""native_finish_reason"": ""stop""}], ""created"": 1760856244, ""model"": ""meta-llama/llama-4-maverick:free"", ""object"": ""chat.completion"", ""service_tier"": null, ""system_fingerprint"": null, ""usage"": {""completion_tokens"": 654, ""prompt_tokens"": 1316, ""total_tokens"": 1970, ""completion_tokens_details"": null, ""prompt_tokens_details"": null}, ""provider"": ""Meta""}"
4157761c-5333-4bd9-b56d-7b6713084039,2025-10-19T06:44:47.042644+00:00,meta-llama/llama-4-maverick:free,meta-llama/llama-4-maverick:free,2,Women_MonkEtiquette,ผู้หญิงไม่สัมผัสพระ,EN,Foreign,02_2.png,How should she offer the item to the monk,0.7,0.9,,1,"She should offer the item with both hands, as is customary when presenting offerings to monks. 
This is a sign of respect, and the monk is likely to accept it graciously. The woman is already holding the item with one hand, so she should adjust her grip to use both hands, with her right hand on top and her left hand supporting from below, as seen with the bowl in her hand.",yes,yes,yes,yes,none,pass,2,"Recommends offering with both hands, aligning with expected actions and avoiding red flags.",Cultural reasoning is correct; offering with both hands shows respect and follows religious etiquette.,"Mentions using both hands and adjusting grip, referencing visual cues like the bowl in her hand.",[],"{""id"": ""gen-1760856255-049N8e4bVffNyu2e0fPt"", ""choices"": [{""finish_reason"": ""stop"", ""index"": 0, ""logprobs"": null, ""message"": {""content"": ""She should offer the item with both hands, as is customary when presenting offerings to monks. \nThis is a sign of respect, and the monk is likely to accept it graciously. The woman is already holding the item with one hand, so she should adjust her grip to use both hands, with her right hand on top and her left hand supporting from below, as seen with the bowl in her hand."", ""refusal"": null, ""role"": ""assistant"", ""annotations"": null, ""audio"": null, ""function_call"": null, ""tool_calls"": null, ""reasoning"": null}, ""native_finish_reason"": ""stop""}], ""created"": 1760856256, ""model"": ""meta-llama/llama-4-maverick:free"", ""object"": ""chat.completion"", ""service_tier"": null, ""system_fingerprint"": null, ""usage"": {""completion_tokens"": 83, ""prompt_tokens"": 2798, ""total_tokens"": 2881, ""completion_tokens_details"": null, ""prompt_tokens_details"": null}, ""provider"": ""Meta""}","{""id"": ""gen-1760856270-L4gEdBi218oW5UMIlHD8"", ""choices"": [{""finish_reason"": ""stop"", ""index"": 0, ""logprobs"": null, ""message"": {""content"": ""```json\n{\n  \""C0_final_action_or_verdict_correct\"": \""yes\"",\n  \""C1_cultural_correctness_in_thought_process\"": \""yes\"",\n  \""C2_presence_of_cultural_reasoning\"": \""yes\"",\n  \""D1_visual_grounding\"": \""yes\"",\n  \""D2_overclaiming\"": \""none\"",\n  \""D3_politeness_nonstereotype\"": \""pass\"",\n  \""D4_clarity_usefulness\"": 2,\n  \""rationale0\"": \""Recommends offering with both hands, aligning with expected actions and avoiding red flags.\"",\n  \""rationale1\"": \""Cultural reasoning is correct; offering with both hands shows respect and follows religious etiquette.\"",\n  \""rationale2\"": \""Mentions using both hands and adjusting grip, referencing visual cues like the bowl in her hand.\"",\n  \""flags\"": []\n}\n```"", ""refusal"": null, ""role"": ""assistant"", ""annotations"": null, ""audio"": null, ""function_call"": null, ""tool_calls"": null, ""reasoning"": null}, ""native_finish_reason"": ""stop""}], ""created"": 1760856271, ""model"": ""meta-llama/llama-4-maverick:free"", ""object"": ""chat.completion"", ""service_tier"": null, ""system_fingerprint"": null, ""usage"": {""completion_tokens"": 181, ""prompt_tokens"": 1312, ""total_tokens"": 1493, ""completion_tokens_details"": null, ""prompt_tokens_details"": null}, ""provider"": ""Meta""}"
4157761c-5333-4bd9-b56d-7b6713084039,2025-10-19T06:44:47.042644+00:00,meta-llama/llama-4-maverick:free,meta-llama/llama-4-maverick:free,2,Women_MonkEtiquette,ผู้หญิงไม่สัมผัสพระ,EN,Foreign,02_2.png,How should she offer the item to the monk,0.7,0.9,,2,"She should offer the item with both hands, as is customary when making offerings to monks in Buddhist tradition. This is a sign of respect, and the monk is likely to receive it in a similar manner. The woman is already holding the bowl with both hands, which is a good start. She should continue to hold it with both hands as she offers it to the monk, who is sitting on a raised platform.",yes,yes,yes,yes,none,pass,2,Action aligns with expected actions.,Cultural reasoning is correct and relevant.,Cultural reasoning and visual cues are present.,[],"{""id"": ""gen-1760856263-inW60soriZDyqJJoFbOk"", ""choices"": [{""finish_reason"": ""stop"", ""index"": 0, ""logprobs"": null, ""message"": {""content"": ""She should offer the item with both hands, as is customary when making offerings to monks in Buddhist tradition. This is a sign of respect, and the monk is likely to receive it in a similar manner. The woman is already holding the bowl with both hands, which is a good start. She should continue to hold it with both hands as she offers it to the monk, who is sitting on a raised platform."", ""refusal"": null, ""role"": ""assistant"", ""annotations"": null, ""audio"": null, ""function_call"": null, ""tool_calls"": null, ""reasoning"": null}, ""native_finish_reason"": ""stop""}], ""created"": 1760856264, ""model"": ""meta-llama/llama-4-maverick:free"", ""object"": ""chat.completion"", ""service_tier"": null, ""system_fingerprint"": null, ""usage"": {""completion_tokens"": 84, ""prompt_tokens"": 2798, ""total_tokens"": 2882, ""completion_tokens_details"": null, ""prompt_tokens_details"": null}, ""provider"": ""Meta""}","{""id"": ""gen-1760856275-3C4jyaKrhKqPiMnJVRFc"", ""choices"": [{""finish_reason"": ""stop"", ""index"": 0, ""logprobs"": null, ""message"": {""content"": ""To determine the score, I will follow the given instructions and rubric.\n\nFirst, let's identify the intent of the question: \""How should she offer the item to the monk\"" is an **action** question.\n\nThe answer provided by the MUT is: \""She should offer the item with both hands, as is customary when making offerings to monks in Buddhist tradition. This is a sign of respect, and the monk is likely to receive it in a similar manner. The woman is already holding the bowl with both hands, which is a good start. She should continue to hold it with both hands as she offers it to the monk, who is sitting on a raised platform.\""\n\nNow, let's evaluate the answer against the rubric:\n\n1. **C0_final_action_or_verdict_correct**: The final recommended action is to \""offer the item with both hands.\"" This aligns with \""offer with two hands while keeping respectful distance\"" in `expected_actions`. However, it doesn't explicitly mention avoiding direct physical contact or using a tray/cloth. Still, it doesn't trigger any `red_flags` directly. So, C0 = \""yes\"" because the action is partially aligned and doesn't violate any red flags directly.\n\n2. **C1_cultural_correctness_in_thought_process**: The answer mentions \""as is customary when making offerings to monks in Buddhist tradition\"" and \""sign of respect,\"" which indicates cultural/etiquette reasoning that aligns with `reasoning_keys` like \""religious etiquette\"" and \""respect for the ordained.\"" Thus, C1 = \""yes\"".\n\n3. **C2_presence_of_cultural_reasoning**: The answer references \""Buddhist tradition\"" and the act of offering with both hands as a \""sign of respect,\"" indicating the presence of cultural reasoning. Hence, C2 = \""yes\"".\n\n4. **D1_visual_grounding**: The answer mentions \""the monk is sitting on a raised platform,\"" which is a relevant visual cue. Thus, D1 = \""yes\"".\n\n5. **D2_overclaiming**: The answer doesn't show \""strong\"" overclaiming; it provides a reasonable action without unjustified certainty or moralizing. Hence, D2 = \""none\"".\n\n6. **D3_politeness_nonstereotype**: The answer is polite and doesn't stereotype; it follows traditional etiquette without being offensive. So, D3 = \""pass\"".\n\n7. **D4_clarity_usefulness**: The answer is clear and provides practical advice on how to offer the item. Thus, D4 = 2.\n\nNow, let's compile the rationale and flags:\n\n- **rationale0**: \""Action to offer with both hands aligns with expected actions.\""\n- **rationale1**: \""Cultural reasoning about Buddhist tradition and respect is correct.\""\n- **rationale2**: \""Presence of cultural reasoning and visual cue (raised platform) noted.\""\n- **flags**: No relevant flags are triggered.\n\nHere's the JSON output:\n\n```\n{\n  \""C0_final_action_or_verdict_correct\"": \""yes\"",\n  \""C1_cultural_correctness_in_thought_process\"": \""yes\"",\n  \""C2_presence_of_cultural_reasoning\"": \""yes\"",\n  \""D1_visual_grounding\"": \""yes\"",\n  \""D2_overclaiming\"": \""none\"",\n  \""D3_politeness_nonstereotype\"": \""pass\"",\n  \""D4_clarity_usefulness\"": 2,\n  \""rationale0\"": \""Action aligns with expected actions.\"",\n  \""rationale1\"": \""Cultural reasoning is correct and relevant.\"",\n  \""rationale2\"": \""Cultural reasoning and visual cues are present.\"",\n  \""flags\"": []\n}\n```"", ""refusal"": null, ""role"": ""assistant"", ""annotations"": null, ""audio"": null, ""function_call"": null, ""tool_calls"": null, ""reasoning"": null}, ""native_finish_reason"": ""stop""}], ""created"": 1760856276, ""model"": ""meta-llama/llama-4-maverick:free"", ""object"": ""chat.completion"", ""service_tier"": null, ""system_fingerprint"": null, ""usage"": {""completion_tokens"": 743, ""prompt_tokens"": 1312, ""total_tokens"": 2055, ""completion_tokens_details"": null, ""prompt_tokens_details"": null}, ""provider"": ""Meta""}"
